{
  "table": "public.accounts",
  "description": "Bank accounts master",
  "pk": [
    "account_id"
  ],
  "load": {
    "query": "SELECT * FROM public.accounts"
  },
  "table_checks": [
    {
      "type": "row_count_min",
      "min": 1
    },
    {
      "type": "pk_not_null"
    },
    {
      "type": "pk_unique"
    }
  ],
  "columns": {
    "account_id": {
      "checks": [
        {
          "type": "not_null"
        }
      ]
    },
    "customer_id": {
      "checks": [
        {
          "type": "not_null"
        }
      ]
    },
    "account_number": {
      "checks": [
        {
          "type": "not_null"
        },
        {
          "type": "regex",
          "pattern": "^[0-9]{10,18}$"
        }
      ]
    },
    "account_type": {
      "checks": [
        {
          "type": "in_set",
          "values": [
            "SAVINGS",
            "CURRENT",
            "LOAN",
            "NRE"
          ]
        }
      ]
    },
    "status": {
      "checks": [
        {
          "type": "in_set",
          "values": [
            "ACTIVE",
            "DORMANT",
            "FROZEN",
            "CLOSED"
          ]
        }
      ]
    },
    "current_balance": {
      "checks": [
        {
          "type": "numeric_min",
          "min": 0
        }
      ]
    }
  }
}